Record Name,Field,Value
File Header,file_type_id,pdz25
File Header,instrument_type,1
XRF Instrument,serial_number_length,8
XRF Instrument,serial_number,600N6628
XRF Instrument,build_number_length,8
XRF Instrument,build_number,SK2-6628
XRF Instrument,tube_target_element,45
XRF Instrument,anode_takeoff_angle,45
XRF Instrument,sample_incidence_angle,45
XRF Instrument,sample_takeoff_angle,65
XRF Instrument,be_thickness,125
XRF Instrument,detector_model_length,3
XRF Instrument,detector_model,SDD
XRF Instrument,tube_type_length,3
XRF Instrument,tube_type,NSI
XRF Instrument,hw_spot_size,5
XRF Instrument,sw_spot_size,5
XRF Instrument,collimator_type_length,5
XRF Instrument,collimator_type,Fixed
XRF Instrument,num_versions,7
XRF Instrument,sw_version_record_num,1
XRF Instrument,sw_version_length,10
XRF Instrument,sw_version,2.4.54.318
XRF Instrument,xilinx_version_record_num,2
XRF Instrument,xilinx_fw_ver_length,5
XRF Instrument,xilinx_fw_ver,13.09
XRF Instrument,sup_version_record_num,3
XRF Instrument,sup_fw_ver_length,4
XRF Instrument,sup_fw_ver,3.10
XRF Instrument,uup_version_record_num,4
XRF Instrument,uup_fw_ver_length,4
XRF Instrument,uup_fw_ver,3.03
XRF Instrument,xray_source_version_record_num,5
XRF Instrument,xray_src_fw_ver_length,5
XRF Instrument,xray_src_fw_ver,21.3F
XRF Instrument,dpp_version_record_num,6
XRF Instrument,dpp_fw_ver_length,4
XRF Instrument,dpp_fw_ver,1.02
XRF Instrument,header_version_record_num,8
XRF Instrument,header_fw_ver_length,4
XRF Instrument,header_fw_ver,1.02
XRF Assay Summary,number_of_phases,3
XRF Assay Summary,raw_counts,1627823
XRF Assay Summary,valid_counts,1502561
XRF Assay Summary,valid_counts_in_range,0
XRF Assay Summary,reset_counts,100430
XRF Assay Summary,total_real_time,71.44500732421875
XRF Assay Summary,total_packet_time,68.41000366210938
XRF Assay Summary,total_dead,3.88100004196167
XRF Assay Summary,total_reset,2.878000020980835
XRF Assay Summary,total_live,64.52899932861328
XRF Assay Summary,elapsed_time,76.0
XRF Assay Summary,application_name_length,14
XRF Assay Summary,application_name,GeoExploration
XRF Assay Summary,application_part_number_length,0
XRF Assay Summary,application_part_number,
XRF Assay Summary,user_id_length,4
XRF Assay Summary,user_id,User
XRF Spectrum,phase_number,2
XRF Spectrum,raw_counts,401138
XRF Spectrum,valid_counts,378952
XRF Spectrum,valid_counts_in_range,0
XRF Spectrum,reset_counts,8894
XRF Spectrum,time_since_trigger,83.0
XRF Spectrum,total_packet_time,14.751002311706543
XRF Spectrum,total_dead,0.9190000295639038
XRF Spectrum,total_reset,0.2550000250339508
XRF Spectrum,total_live,13.832002639770508
XRF Spectrum,tube_voltage,15.0
XRF Spectrum,tube_current,19.899999618530273
XRF Spectrum,filters,"[{'filter_element': 0, 'filter_thickness': 0}, {'filter_element': 0, 'filter_thickness': 0}, {'filter_element': 0, 'filter_thickness': 0}]"
XRF Spectrum,filter_wheel_number,2
XRF Spectrum,detector_temp,-27.0
XRF Spectrum,ambient_temp,82.80000305175781
XRF Spectrum,vacuum,-1
XRF Spectrum,ev_per_channel,20.014251708984375
XRF Spectrum,gain_drift_algorithm,2
XRF Spectrum,channel_start,0.3749622702598572
XRF Spectrum,acquisition_date_time,2025-07-21 08:48:49
XRF Spectrum,atmospheric_pressure,1000.2354736328125
XRF Spectrum,channels,2048
XRF Spectrum,nose_temp,25
XRF Spectrum,environment,0
XRF Spectrum,illumination_length,14
XRF Spectrum,illumination,Exploration_15
XRF Spectrum,normal_packet_start,1
XRF Spectrum,spectrum_data,"[0, 0, 0, 0, 0, 0, 0, 0, 0, 0, 0, 0, 0, 0, 0, 6, 52, 506, 2136, 4253, 4296, 2056, 454, 59, 4, 1, 0, 0, 0, 0, 1, 0, 0, 0, 7, 8, 4, 13, 7, 6, 9, 15, 17, 17, 23, 25, 30, 37, 43, 28, 23, 21, 14, 27, 27, 14, 15, 10, 23, 15, 17, 20, 23, 15, 12, 18, 14, 10, 18, 13, 18, 46, 80, 145, 126, 131, 88, 78, 61, 46, 50, 45, 74, 234, 649, 1244, 1622, 1803, 1321, 888, 445, 241, 156, 110, 77, 74, 84, 100, 111, 102, 105, 62, 70, 60, 48, 46, 39, 43, 48, 53, 63, 70, 78, 118, 147, 164, 168, 161, 159, 128, 109, 109, 95, 92, 118, 108, 116, 150, 206, 327, 528, 851, 1370, 1774, 2152, 2165, 1859, 1345, 974, 888, 958, 1032, 1009, 937, 812, 824, 839, 840, 842, 769, 567, 399, 281, 182, 166, 168, 194, 237, 207, 243, 321, 511, 967, 1565, 2177, 2732, 2704, 2186, 1463, 896, 516, 280, 164, 158, 175, 225, 305, 440, 552, 894, 1509, 2463, 3836, 5102, 5749, 5621, 4500, 3063, 1826, 914, 415, 243, 194, 159, 199, 250, 320, 449, 619, 847, 954, 958, 841, 643, 417, 333, 211, 165, 168, 144, 140, 178, 134, 151, 155, 161, 161, 179, 208, 281, 362, 614, 873, 1259, 1505, 1584, 1563, 1376, 957, 648, 406, 356, 299, 269, 252, 229, 248, 232, 246, 260, 296, 281, 313, 375, 409, 432, 503, 460, 394, 366, 335, 262, 263, 240, 214, 216, 237, 217, 256, 244, 245, 226, 275, 264, 256, 328, 346, 375, 402, 444, 465, 428, 432, 364, 350, 293, 304, 276, 248, 272, 264, 266, 263, 259, 276, 252, 273, 289, 286, 357, 394, 436, 548, 640, 709, 677, 577, 575, 481, 428, 346, 302, 290, 330, 318, 351, 309, 331, 361, 404, 467, 661, 1010, 1827, 3351, 5824, 9161, 12895, 16462, 18753, 18741, 16820, 13471, 9627, 6313, 3628, 1994, 1045, 634, 454, 351, 342, 320, 311, 347, 295, 310, 301, 326, 296, 302, 358, 316, 368, 401, 518, 655, 932, 1366, 1854, 2415, 2786, 2915, 2954, 2614, 2106, 1597, 1105, 747, 530, 306, 307, 239, 259, 242, 224, 229, 248, 247, 249, 270, 281, 316, 283, 276, 255, 240, 218, 232, 224, 238, 232, 224, 212, 211, 218, 238, 243, 232, 219, 247, 214, 226, 225, 248, 258, 229, 244, 244, 242, 245, 265, 286, 279, 258, 257, 252, 220, 236, 243, 236, 240, 221, 239, 260, 236, 254, 225, 233, 215, 223, 260, 227, 257, 238, 234, 246, 280, 245, 269, 272, 279, 259, 247, 251, 268, 222, 208, 245, 236, 224, 206, 253, 223, 244, 230, 218, 249, 230, 233, 239, 246, 249, 211, 197, 232, 237, 232, 238, 211, 234, 232, 202, 210, 221, 203, 238, 209, 218, 210, 241, 229, 229, 248, 213, 202, 265, 217, 236, 222, 230, 223, 223, 210, 242, 218, 241, 219, 229, 237, 209, 215, 217, 233, 193, 200, 242, 244, 221, 228, 234, 236, 227, 246, 236, 196, 230, 228, 243, 221, 217, 218, 221, 225, 214, 228, 211, 202, 235, 208, 235, 219, 216, 204, 215, 220, 203, 233, 214, 239, 202, 198, 227, 189, 220, 214, 205, 204, 203, 191, 193, 228, 217, 223, 219, 204, 221, 212, 218, 214, 210, 206, 193, 197, 175, 187, 200, 196, 202, 191, 166, 200, 224, 225, 190, 190, 185, 165, 188, 166, 176, 201, 198, 164, 205, 173, 200, 175, 185, 168, 168, 178, 159, 164, 174, 166, 170, 157, 171, 165, 167, 154, 167, 170, 165, 177, 183, 161, 158, 152, 165, 153, 153, 130, 161, 164, 162, 155, 161, 149, 139, 129, 118, 151, 131, 158, 131, 124, 129, 133, 127, 146, 121, 119, 126, 147, 121, 118, 115, 150, 123, 143, 124, 127, 138, 134, 111, 131, 134, 121, 130, 133, 125, 120, 114, 97, 93, 82, 101, 91, 100, 104, 88, 99, 103, 85, 103, 82, 86, 79, 94, 90, 84, 87, 81, 82, 98, 68, 58, 72, 65, 67, 69, 75, 71, 69, 72, 72, 73, 48, 54, 72, 70, 75, 54, 61, 60, 55, 71, 41, 35, 52, 53, 33, 47, 41, 38, 48, 58, 39, 46, 41, 37, 24, 31, 27, 25, 27, 22, 25, 29, 30, 20, 29, 25, 26, 17, 19, 16, 15, 14, 11, 13, 17, 12, 11, 11, 4, 7, 9, 5, 10, 5, 7, 8, 3, 6, 1, 3, 1, 1, 2, 1, 0, 1, 3, 0, 1, 1, 1, 1, 2, 1, 0, 0, 1, 2, 1, 0, 2, 1, 1, 2, 0, 1, 1, 1, 2, 0, 0, 0, 1, 1, 0, 2, 3, 0, 2, 1, 0, 0, 1, 0, 1, 2, 3, 0, 2, 2, 1, 0, 1, 1, 2, 1, 1, 1, 4, 2, 0, 0, 2, 3, 1, 0, 1, 2, 0, 2, 1, 0, 0, 2, 1, 0, 2, 1, 0, 2, 1, 0, 1, 4, 0, 1, 0, 0, 1, 1, 0, 2, 0, 2, 1, 1, 0, 0, 1, 0, 3, 1, 0, 3, 0, 1, 1, 1, 1, 1, 1, 0, 0, 1, 0, 0, 0, 0, 0, 2, 0, 1, 1, 1, 1, 0, 0, 0, 2, 1, 0, 0, 3, 1, 1, 0, 0, 0, 1, 1, 1, 1, 1, 0, 1, 0, 0, 0, 1, 1, 0, 1, 0, 0, 0, 0, 0, 0, 1, 0, 1, 0, 1, 1, 2, 0, 1, 0, 0, 0, 0, 0, 3, 1, 1, 0, 3, 0, 1, 1, 0, 1, 0, 0, 0, 1, 2, 0, 0, 0, 0, 3, 0, 0, 2, 1, 0, 0, 0, 0, 1, 1, 0, 1, 0, 0, 0, 2, 0, 1, 0, 0, 0, 0, 1, 0, 0, 0, 1, 1, 1, 2, 0, 0, 0, 0, 0, 0, 1, 0, 0, 0, 0, 0, 0, 0, 1, 0, 0, 0, 2, 1, 0, 0, 1, 1, 0, 0, 0, 0, 1, 1, 0, 0, 1, 0, 0, 0, 0, 1, 0, 0, 0, 0, 0, 0, 0, 0, 0, 0, 1, 0, 0, 0, 0, 0, 0, 0, 0, 1, 0, 0, 0, 0, 0, 0, 0, 0, 0, 0, 0, 0, 0, 0, 0, 1, 0, 0, 0, 0, 0, 0, 0, 0, 0, 0, 1, 0, 0, 0, 0, 0, 0, 0, 0, 0, 0, 0, 0, 0, 0, 0, 1, 0, 0, 0, 0, 0, 0, 0, 0, 0, 0, 0, 0, 0, 0, 0, 0, 0, 0, 0, 0, 0, 0, 0, 0, 1, 0, 0, 0, 0, 0, 0, 0, 0, 0, 0, 0, 0, 0, 0, 0, 0, 0, 0, 0, 0, 0, 0, 0, 0, 0, 0, 0, 0, 0, 0, 0, 0, 0, 0, 0, 0, 0, 0, 0, 0, 0, 0, 0, 0, 0, 0, 0, 0, 1, 0, 0, 0, 0, 0, 0, 0, 0, 0, 0, 0, 1, 0, 0, 0, 0, 0, 0, 0, 0, 0, 0, 0, 0, 0, 0, 0, 0, 0, 0, 1, 0, 0, 0, 0, 0, 0, 0, 0, 0, 0, 0, 0, 0, 0, 0, 0, 0, 0, 0, 0, 0, 0, 0, 0, 0, 0, 1, 0, 0, 0, 0, 0, 0, 0, 0, 0, 0, 0, 0, 0, 0, 0, 0, 0, 0, 0, 0, 0, 1, 0, 1, 0, 0, 0, 0, 0, 0, 0, 0, 0, 0, 0, 0, 0, 0, 0, 0, 0, 0, 0, 0, 0, 0, 0, 0, 0, 0, 0, 0, 0, 0, 0, 0, 0, 0, 0, 0, 0, 0, 0, 0, 0, 0, 0, 0, 0, 0, 0, 0, 0, 0, 0, 0, 0, 0, 0, 0, 0, 0, 0, 0, 0, 0, 0, 0, 0, 0, 0, 0, 1, 0, 0, 0, 0, 0, 0, 0, 0, 0, 0, 0, 0, 0, 0, 0, 0, 0, 0, 0, 0, 0, 0, 0, 0, 0, 0, 0, 0, 0, 0, 0, 0, 0, 0, 0, 0, 0, 0, 0, 0, 0, 0, 0, 0, 0, 0, 0, 0, 0, 0, 0, 0, 0, 0, 0, 0, 0, 0, 0, 0, 0, 0, 0, 0, 0, 0, 0, 0, 0, 0, 0, 0, 0, 0, 0, 0, 0, 0, 0, 0, 0, 0, 0, 0, 0, 0, 0, 0, 0, 0, 0, 0, 0, 0, 0, 0, 0, 0, 0, 0, 0, 0, 0, 0, 0, 0, 0, 0, 0, 0, 0, 0, 0, 0, 0, 0, 0, 0, 0, 0, 0, 0, 0, 0, 0, 0, 0, 0, 0, 0, 0, 0, 0, 0, 0, 0, 0, 0, 0, 0, 0, 0, 0, 0, 0, 0, 0, 0, 0, 0, 0, 0, 0, 0, 0, 0, 0, 0, 0, 0, 0, 0, 0, 0, 0, 0, 0, 0, 0, 0, 0, 0, 0, 0, 0, 0, 0, 0, 0, 0, 0, 0, 0, 0, 0, 0, 0, 0, 0, 0, 0, 0, 0, 0, 0, 0, 0, 0, 0, 0, 0, 0, 0, 0, 0, 0, 0, 0, 0, 0, 0, 0, 0, 0, 0, 0, 0, 0, 0, 0, 0, 0, 0, 0, 0, 0, 0, 0, 0, 0, 0, 0, 0, 0, 0, 0, 0, 0, 0, 0, 0, 0, 0, 0, 0, 0, 0, 0, 0, 0, 0, 0, 0, 0, 0, 0, 0, 0, 0, 0, 0, 0, 0, 0, 0, 0, 0, 0, 0, 0, 0, 0, 0, 0, 0, 0, 0, 0, 0, 0, 0, 0, 0, 0, 0, 0, 0, 0, 0, 0, 0, 0, 0, 0, 0, 0, 0, 0, 0, 0, 0, 0, 0, 0, 0, 0, 0, 0, 0, 0, 0, 0, 0, 0, 0, 0, 0, 0, 0, 0, 0, 0, 0, 0, 0, 0, 0, 0, 0, 0, 0, 0, 0, 0, 0, 0, 0, 0, 0, 0, 0, 0, 0, 0, 0, 0, 0, 0, 0, 0, 0, 0, 0, 0, 0, 0, 0, 0, 0, 0, 0, 0, 0, 0, 0, 0, 0, 0, 0, 0, 0, 0, 0, 0, 0, 0, 0, 0, 0, 0, 0, 0, 0, 0, 0, 0, 0, 0, 0, 0, 0, 0, 0, 0, 0, 0, 0, 0, 0, 0, 0, 0, 0, 0, 0, 0, 0, 0, 0, 0, 0, 0, 0, 0, 0, 0, 0, 0, 0, 0, 0, 0, 0, 0, 0, 0, 0, 0, 0, 0, 0, 0, 0, 0, 0, 0, 0, 0, 0, 0, 0, 0, 0, 0, 0, 0, 0, 0, 0, 0, 0, 0, 0, 0, 0, 0, 0, 0, 0, 0, 0, 0, 0, 0, 0, 0, 0, 0, 0, 0, 0, 0, 0, 0, 0, 0, 0, 0, 0, 0, 0, 0, 0, 0, 0, 0, 0, 0, 0, 0, 0, 0, 0, 0, 0, 0, 0, 0, 0, 0, 0, 0, 0, 0, 0, 0, 0, 0, 0, 0, 0, 0, 0, 0, 0, 0, 0, 0, 0, 0, 0, 0, 0, 0, 0, 0, 0, 0, 0, 0, 0, 0, 0, 0, 0, 0, 0, 0, 0, 0, 0, 0, 0, 0, 0, 0, 0, 0, 0, 0, 0, 0, 0, 0, 0, 0, 0, 0, 0, 0, 0, 0, 0, 0, 0, 0, 0, 0, 0, 0, 0, 0, 0, 0, 0, 0, 0, 0, 0, 0, 0, 0, 0, 0, 0, 0, 0, 0, 0, 0, 0, 0, 0, 0, 0, 0, 0, 0, 0, 0, 0, 0, 0, 0, 0, 0, 0, 0, 0, 0, 0, 0, 0, 0, 0, 0, 0, 0, 0, 0, 0, 0, 0, 0, 0, 0, 0, 0, 0, 0, 0, 0, 0, 0, 0, 0, 0, 0, 0, 0, 0, 0, 0, 0, 0, 0, 0, 0, 0, 0, 0, 0, 0, 0, 0, 0, 0, 0, 0, 0, 0, 0, 0, 0, 0, 0, 0, 0, 0, 0, 0, 0, 0, 0, 0, 0, 0, 0, 0, 0, 0, 0, 0, 0, 0, 0, 0, 0, 0, 0, 0, 0, 0, 0, 0, 0, 0, 0, 0, 0, 0, 0, 0, 0, 0, 0, 0, 0, 0, 0, 0, 0, 0, 0, 0, 0, 0, 0, 0, 0, 0, 0, 0, 0, 0, 0, 0, 0, 0, 0, 0, 0, 0, 0, 0, 0, 0, 0, 0, 0, 0, 0, 0, 0, 0, 0, 0, 0, 0, 0, 0, 0, 0, 0, 0, 0, 0, 0, 0, 0, 0]"
Calculated Results,analysis_mode,32
Calculated Results,analysis_type,1
Calculated Results,used_auto_cal_select,1
Calculated Results,result_type,1
Calculated Results,error_multiplier,3
Calculated Results,cal_file_length,11
Calculated Results,cal_file_name,
Calculated Results,cal_pkg_name_length,7864399
Calculated Results Details,name_length,1
Calculated Results Details,name,U
Calculated Results Details,atomic_number,92
Calculated Results Details,units,1
Calculated Results Details,result,0.0
Calculated Results Details,type_std_result,0.0
Calculated Results Details,error,0.0009703315445221961
Calculated Results Details,min,0.0
Calculated Results Details,max,0.0
Calculated Results Details,tramp,0
Calculated Results Details,nominal,0
Grade ID Results,grades,"[{'grade_id_length': 0, 'grade_id': '', 'confidence': 0.0}, {'grade_id_length': 0, 'grade_id': '', 'confidence': 0.0}, {'grade_id_length': 0, 'grade_id': '', 'confidence': 0.0}]"
Grade ID Results,match_spread_threshold,0.05000000074505806
Grade ID Results,process_tramp_elements,0
Grade ID Results,nominal_chemistry,0
Grade ID Results,num_grade_libs,0
User Custom Fields,num_fields,5
User Custom Fields,fields,"[{'field_name_length': 8, 'field_name': 'Operator', 'field_value_length': 4, 'field_value': 'User'}, {'field_name_length': 4, 'field_name': 'Name', 'field_value_length': 7, 'field_value': 'matthew'}, {'field_name_length': 2, 'field_name': 'ID', 'field_value_length': 9, 'field_value': 'burn soil'}, {'field_name_length': 6, 'field_name': 'Field1', 'field_value_length': 11, 'field_value': 'may 15 2025'}, {'field_name_length': 6, 'field_name': 'Field2', 'field_value_length': 0, 'field_value': ''}]"
Filter Layers,phase_number,2
Filter Layers,layers_number,0
GPS Details,gps_valid,0
GPS Details,latitude,0.0
GPS Details,longitude,0.0
GPS Details,altitude,0.0
Miscellaneous Information,std_multiplier,3
Miscellaneous Information,active_cal_length,11
Miscellaneous Information,active_cal,Oxide3phase
Miscellaneous Information,sample_id_length,0
